,Abandono,Cliente_adulto_mayor,Pareja_del_cliente,Dependientes_del_cliente,Antigüedad_cliente,Servicio_telefónico,Líneas_múltiples,Seguridad_en_línea,Respaldo_online,Protección_de_dispositivo,Soporte_técnico,Transmisión_TV,Transmisión_películas,Facturación_paperless,Cargos_mensuales,Cargos_totales,Cuentas_Diarias
count,7043.0,7043.0,7043.0,7043.0,7043.0,7043.0,7043.0,7043.0,7043.0,7043.0,7043.0,7043.0,7043.0,7043.0,7043.0,7043.0,7043.0
mean,0.2653698707936959,0.1621468124378816,0.4830327985233565,0.2995882436461735,32.37114865824223,0.9031662643759761,0.42183728524776376,0.2866676132329973,0.3448814425670879,0.3438875479199205,0.2902172369728809,0.38435325855459324,0.3879028822944768,0.5922192247621753,64.76169246059918,2279.7343035638223,2.1587230820199723
std,0.4415613051219502,0.3686116056100278,0.49974751072001705,0.4581101675100069,24.559481023094225,0.2957522317836505,0.49388786554558783,0.45223702997571236,0.47536335315638006,0.47503783298082863,0.45389475006775565,0.48647654955896596,0.487306836682434,0.491456924049444,30.09004709767855,2266.794469689021,1.0030015699226154
min,0.0,0.0,0.0,0.0,0.0,0.0,0.0,0.0,0.0,0.0,0.0,0.0,0.0,0.0,18.25,0.0,0.6083333333333333
25%,0.0,0.0,0.0,0.0,9.0,1.0,0.0,0.0,0.0,0.0,0.0,0.0,0.0,0.0,35.5,398.55,1.1833333333333333
50%,0.0,0.0,0.0,0.0,29.0,1.0,0.0,0.0,0.0,0.0,0.0,0.0,0.0,1.0,70.35,1394.55,2.3449999999999998
75%,1.0,0.0,1.0,1.0,55.0,1.0,1.0,1.0,1.0,1.0,1.0,1.0,1.0,1.0,89.85,3786.6,2.9949999999999997
max,1.0,1.0,1.0,1.0,72.0,1.0,1.0,1.0,1.0,1.0,1.0,1.0,1.0,1.0,118.75,8684.8,3.9583333333333335
